timestamp,index,uuid,name,memory.used,memory.total,utilization.gpu,utilization.memory,power.draw,temperature.gpu
2026/09/24 02:27:25.978, 0, GPU-740af22d-b5b8-c3d3-63ea-bc506de7f0f7, NVIDIA GeForce RTX 4090, 1, 24564, 0, 0, 149.72, 44
2026/09/24 02:27:26.488, 0, GPU-740af22d-b5b8-c3d3-63ea-bc506de7f0f7, NVIDIA GeForce RTX 4090, 1, 24564, 0, 0, 81.49, 44
2026/09/24 02:27:26.988, 0, GPU-740af22d-b5b8-c3d3-63ea-bc506de7f0f7, NVIDIA GeForce RTX 4090, 1, 24564, 0, 0, 78.64, 44
2026/09/24 02:27:27.488, 0, GPU-740af22d-b5b8-c3d3-63ea-bc506de7f0f7, NVIDIA GeForce RTX 4090, 1, 24564, 0, 0, 78.64, 44
2026/09/24 02:27:27.988, 0, GPU-740af22d-b5b8-c3d3-63ea-bc506de7f0f7, NVIDIA GeForce RTX 4090, 1, 24564, 0, 0, 71.46, 42
2026/09/24 02:27:28.488, 0, GPU-740af22d-b5b8-c3d3-63ea-bc506de7f0f7, NVIDIA GeForce RTX 4090, 1, 24564, 0, 0, 71.46, 42
2026/09/24 02:27:28.989, 0, GPU-740af22d-b5b8-c3d3-63ea-bc506de7f0f7, NVIDIA GeForce RTX 4090, 1, 24564, 0, 0, 53.68, 41
2026/09/24 02:27:29.489, 0, GPU-740af22d-b5b8-c3d3-63ea-bc506de7f0f7, NVIDIA GeForce RTX 4090, 1, 24564, 0, 0, 53.68, 41
2026/09/24 02:27:29.989, 0, GPU-740af22d-b5b8-c3d3-63ea-bc506de7f0f7, NVIDIA GeForce RTX 4090, 1, 24564, 0, 0, 34.62, 40
2026/09/24 02:27:30.489, 0, GPU-740af22d-b5b8-c3d3-63ea-bc506de7f0f7, NVIDIA GeForce RTX 4090, 1, 24564, 0, 0, 34.62, 40
2026/09/24 02:27:30.990, 0, GPU-740af22d-b5b8-c3d3-63ea-bc506de7f0f7, NVIDIA GeForce RTX 4090, 1, 24564, 0, 0, 29.32, 40
2026/09/24 02:27:31.490, 0, GPU-740af22d-b5b8-c3d3-63ea-bc506de7f0f7, NVIDIA GeForce RTX 4090, 1, 24564, 0, 0, 29.32, 40
2026/09/24 02:27:31.990, 0, GPU-740af22d-b5b8-c3d3-63ea-bc506de7f0f7, NVIDIA GeForce RTX 4090, 1, 24564, 0, 0, 21.27, 40
2026/09/24 02:27:32.490, 0, GPU-740af22d-b5b8-c3d3-63ea-bc506de7f0f7, NVIDIA GeForce RTX 4090, 1, 24564, 0, 0, 21.27, 40
2026/09/24 02:27:32.991, 0, GPU-740af22d-b5b8-c3d3-63ea-bc506de7f0f7, NVIDIA GeForce RTX 4090, 1, 24564, 0, 0, 17.11, 39
2026/09/24 02:27:33.491, 0, GPU-740af22d-b5b8-c3d3-63ea-bc506de7f0f7, NVIDIA GeForce RTX 4090, 1, 24564, 0, 0, 17.11, 39
2026/09/24 02:27:33.991, 0, GPU-740af22d-b5b8-c3d3-63ea-bc506de7f0f7, NVIDIA GeForce RTX 4090, 1, 24564, 0, 0, 17.29, 39
2026/09/24 02:27:34.491, 0, GPU-740af22d-b5b8-c3d3-63ea-bc506de7f0f7, NVIDIA GeForce RTX 4090, 1, 24564, 0, 0, 17.29, 39
2026/09/24 02:27:34.991, 0, GPU-740af22d-b5b8-c3d3-63ea-bc506de7f0f7, NVIDIA GeForce RTX 4090, 1, 24564, 0, 0, 17.06, 39
2026/09/24 02:27:35.492, 0, GPU-740af22d-b5b8-c3d3-63ea-bc506de7f0f7, NVIDIA GeForce RTX 4090, 1, 24564, 0, 0, 17.06, 39
2026/09/24 02:27:35.992, 0, GPU-740af22d-b5b8-c3d3-63ea-bc506de7f0f7, NVIDIA GeForce RTX 4090, 1, 24564, 0, 0, 16.76, 38
2026/09/24 02:27:36.492, 0, GPU-740af22d-b5b8-c3d3-63ea-bc506de7f0f7, NVIDIA GeForce RTX 4090, 1, 24564, 0, 0, 16.76, 38
2026/09/24 02:27:36.992, 0, GPU-740af22d-b5b8-c3d3-63ea-bc506de7f0f7, NVIDIA GeForce RTX 4090, 1, 24564, 0, 0, 16.91, 38
2026/09/24 02:27:37.492, 0, GPU-740af22d-b5b8-c3d3-63ea-bc506de7f0f7, NVIDIA GeForce RTX 4090, 1, 24564, 0, 0, 16.91, 38
2026/09/24 02:27:37.993, 0, GPU-740af22d-b5b8-c3d3-63ea-bc506de7f0f7, NVIDIA GeForce RTX 4090, 1, 24564, 0, 0, 17.24, 38
2026/09/24 02:27:38.493, 0, GPU-740af22d-b5b8-c3d3-63ea-bc506de7f0f7, NVIDIA GeForce RTX 4090, 1, 24564, 0, 0, 17.24, 38
2026/09/24 02:27:38.993, 0, GPU-740af22d-b5b8-c3d3-63ea-bc506de7f0f7, NVIDIA GeForce RTX 4090, 1, 24564, 0, 0, 17.19, 37
2026/09/24 02:27:39.493, 0, GPU-740af22d-b5b8-c3d3-63ea-bc506de7f0f7, NVIDIA GeForce RTX 4090, 1, 24564, 0, 0, 17.19, 37
2026/09/24 02:27:39.994, 0, GPU-740af22d-b5b8-c3d3-63ea-bc506de7f0f7, NVIDIA GeForce RTX 4090, 1, 24564, 0, 0, 17.30, 37
2026/09/24 02:27:40.494, 0, GPU-740af22d-b5b8-c3d3-63ea-bc506de7f0f7, NVIDIA GeForce RTX 4090, 1, 24564, 0, 0, 17.30, 37
2026/09/24 02:27:40.994, 0, GPU-740af22d-b5b8-c3d3-63ea-bc506de7f0f7, NVIDIA GeForce RTX 4090, 1, 24564, 0, 0, 17.15, 37
2026/09/24 02:27:41.494, 0, GPU-740af22d-b5b8-c3d3-63ea-bc506de7f0f7, NVIDIA GeForce RTX 4090, 1, 24564, 0, 0, 17.15, 37
2026/09/24 02:27:41.995, 0, GPU-740af22d-b5b8-c3d3-63ea-bc506de7f0f7, NVIDIA GeForce RTX 4090, 1, 24564, 0, 0, 16.65, 37
2026/09/24 02:27:42.495, 0, GPU-740af22d-b5b8-c3d3-63ea-bc506de7f0f7, NVIDIA GeForce RTX 4090, 1, 24564, 0, 0, 16.65, 37
2026/09/24 02:27:42.995, 0, GPU-740af22d-b5b8-c3d3-63ea-bc506de7f0f7, NVIDIA GeForce RTX 4090, 4, 24564, 0, 0, 16.81, 37
2026/09/24 02:27:43.508, 0, GPU-740af22d-b5b8-c3d3-63ea-bc506de7f0f7, NVIDIA GeForce RTX 4090, 472, 24564, 0, 0, 23.57, 37
2026/09/24 02:27:44.008, 0, GPU-740af22d-b5b8-c3d3-63ea-bc506de7f0f7, NVIDIA GeForce RTX 4090, 3570, 24564, 0, 0, 46.81, 37
2026/09/24 02:27:44.509, 0, GPU-740af22d-b5b8-c3d3-63ea-bc506de7f0f7, NVIDIA GeForce RTX 4090, 3570, 24564, 0, 0, 61.26, 37
2026/09/24 02:27:45.009, 0, GPU-740af22d-b5b8-c3d3-63ea-bc506de7f0f7, NVIDIA GeForce RTX 4090, 3570, 24564, 0, 0, 62.11, 37
2026/09/24 02:27:45.509, 0, GPU-740af22d-b5b8-c3d3-63ea-bc506de7f0f7, NVIDIA GeForce RTX 4090, 3570, 24564, 0, 0, 62.70, 37
2026/09/24 02:27:46.009, 0, GPU-740af22d-b5b8-c3d3-63ea-bc506de7f0f7, NVIDIA GeForce RTX 4090, 3570, 24564, 0, 0, 62.82, 37
2026/09/24 02:27:46.510, 0, GPU-740af22d-b5b8-c3d3-63ea-bc506de7f0f7, NVIDIA GeForce RTX 4090, 3570, 24564, 0, 0, 62.82, 37
2026/09/24 02:27:47.010, 0, GPU-740af22d-b5b8-c3d3-63ea-bc506de7f0f7, NVIDIA GeForce RTX 4090, 3570, 24564, 0, 0, 62.13, 37
2026/09/24 02:27:47.510, 0, GPU-740af22d-b5b8-c3d3-63ea-bc506de7f0f7, NVIDIA GeForce RTX 4090, 3570, 24564, 0, 0, 62.13, 37
2026/09/24 02:27:48.010, 0, GPU-740af22d-b5b8-c3d3-63ea-bc506de7f0f7, NVIDIA GeForce RTX 4090, 3570, 24564, 0, 0, 61.92, 37
2026/09/24 02:27:48.511, 0, GPU-740af22d-b5b8-c3d3-63ea-bc506de7f0f7, NVIDIA GeForce RTX 4090, 3570, 24564, 0, 0, 61.92, 37
2026/09/24 02:27:49.011, 0, GPU-740af22d-b5b8-c3d3-63ea-bc506de7f0f7, NVIDIA GeForce RTX 4090, 3570, 24564, 0, 0, 61.45, 37
2026/09/24 02:27:49.511, 0, GPU-740af22d-b5b8-c3d3-63ea-bc506de7f0f7, NVIDIA GeForce RTX 4090, 3570, 24564, 0, 0, 61.63, 37
2026/09/24 02:27:50.011, 0, GPU-740af22d-b5b8-c3d3-63ea-bc506de7f0f7, NVIDIA GeForce RTX 4090, 3570, 24564, 0, 0, 61.98, 37
2026/09/24 02:27:50.511, 0, GPU-740af22d-b5b8-c3d3-63ea-bc506de7f0f7, NVIDIA GeForce RTX 4090, 3570, 24564, 0, 0, 62.08, 37
2026/09/24 02:27:51.012, 0, GPU-740af22d-b5b8-c3d3-63ea-bc506de7f0f7, NVIDIA GeForce RTX 4090, 3926, 24564, 0, 0, 61.91, 37
2026/09/24 02:27:51.512, 0, GPU-740af22d-b5b8-c3d3-63ea-bc506de7f0f7, NVIDIA GeForce RTX 4090, 3606, 24564, 0, 0, 80.04, 37
2026/09/24 02:27:52.012, 0, GPU-740af22d-b5b8-c3d3-63ea-bc506de7f0f7, NVIDIA GeForce RTX 4090, 19774, 24564, 0, 0, 82.13, 37
2026/09/24 02:27:52.512, 0, GPU-740af22d-b5b8-c3d3-63ea-bc506de7f0f7, NVIDIA GeForce RTX 4090, 19862, 24564, 0, 0, 70.94, 37
2026/09/24 02:27:53.013, 0, GPU-740af22d-b5b8-c3d3-63ea-bc506de7f0f7, NVIDIA GeForce RTX 4090, 19862, 24564, 0, 0, 71.12, 37
2026/09/24 02:27:53.513, 0, GPU-740af22d-b5b8-c3d3-63ea-bc506de7f0f7, NVIDIA GeForce RTX 4090, 19862, 24564, 0, 0, 62.89, 37
2026/09/24 02:27:54.013, 0, GPU-740af22d-b5b8-c3d3-63ea-bc506de7f0f7, NVIDIA GeForce RTX 4090, 19862, 24564, 0, 0, 62.81, 37
2026/09/24 02:27:54.513, 0, GPU-740af22d-b5b8-c3d3-63ea-bc506de7f0f7, NVIDIA GeForce RTX 4090, 19862, 24564, 0, 0, 62.81, 37
2026/09/24 02:27:55.013, 0, GPU-740af22d-b5b8-c3d3-63ea-bc506de7f0f7, NVIDIA GeForce RTX 4090, 19862, 24564, 0, 0, 62.00, 37
2026/09/24 02:27:55.514, 0, GPU-740af22d-b5b8-c3d3-63ea-bc506de7f0f7, NVIDIA GeForce RTX 4090, 19868, 24564, 0, 0, 62.00, 36
2026/09/24 02:27:56.014, 0, GPU-740af22d-b5b8-c3d3-63ea-bc506de7f0f7, NVIDIA GeForce RTX 4090, 19868, 24564, 0, 0, 91.69, 41
2026/09/24 02:27:56.514, 0, GPU-740af22d-b5b8-c3d3-63ea-bc506de7f0f7, NVIDIA GeForce RTX 4090, 19868, 24564, 87, 82, 135.33, 43
2026/09/24 02:27:57.014, 0, GPU-740af22d-b5b8-c3d3-63ea-bc506de7f0f7, NVIDIA GeForce RTX 4090, 19868, 24564, 87, 82, 251.81, 43
2026/09/24 02:27:57.515, 0, GPU-740af22d-b5b8-c3d3-63ea-bc506de7f0f7, NVIDIA GeForce RTX 4090, 19868, 24564, 87, 82, 256.01, 44
2026/09/24 02:27:58.015, 0, GPU-740af22d-b5b8-c3d3-63ea-bc506de7f0f7, NVIDIA GeForce RTX 4090, 19896, 24564, 87, 82, 256.01, 44
2026/09/24 02:27:58.515, 0, GPU-740af22d-b5b8-c3d3-63ea-bc506de7f0f7, NVIDIA GeForce RTX 4090, 20150, 24564, 91, 51, 289.32, 47
2026/09/24 02:27:59.015, 0, GPU-740af22d-b5b8-c3d3-63ea-bc506de7f0f7, NVIDIA GeForce RTX 4090, 20150, 24564, 91, 51, 291.03, 45
2026/09/24 02:27:59.515, 0, GPU-740af22d-b5b8-c3d3-63ea-bc506de7f0f7, NVIDIA GeForce RTX 4090, 20150, 24564, 85, 68, 298.23, 47
2026/09/24 02:28:00.016, 0, GPU-740af22d-b5b8-c3d3-63ea-bc506de7f0f7, NVIDIA GeForce RTX 4090, 20150, 24564, 85, 68, 287.45, 46
2026/09/24 02:28:00.516, 0, GPU-740af22d-b5b8-c3d3-63ea-bc506de7f0f7, NVIDIA GeForce RTX 4090, 20150, 24564, 87, 82, 257.19, 45
2026/09/24 02:28:01.016, 0, GPU-740af22d-b5b8-c3d3-63ea-bc506de7f0f7, NVIDIA GeForce RTX 4090, 20150, 24564, 87, 82, 253.11, 45
2026/09/24 02:28:01.516, 0, GPU-740af22d-b5b8-c3d3-63ea-bc506de7f0f7, NVIDIA GeForce RTX 4090, 20150, 24564, 81, 76, 255.58, 45
2026/09/24 02:28:02.017, 0, GPU-740af22d-b5b8-c3d3-63ea-bc506de7f0f7, NVIDIA GeForce RTX 4090, 20150, 24564, 81, 76, 256.56, 46
2026/09/24 02:28:02.517, 0, GPU-740af22d-b5b8-c3d3-63ea-bc506de7f0f7, NVIDIA GeForce RTX 4090, 20150, 24564, 86, 81, 255.52, 46
2026/09/24 02:28:03.017, 0, GPU-740af22d-b5b8-c3d3-63ea-bc506de7f0f7, NVIDIA GeForce RTX 4090, 20150, 24564, 86, 81, 250.31, 45
2026/09/24 02:28:03.517, 0, GPU-740af22d-b5b8-c3d3-63ea-bc506de7f0f7, NVIDIA GeForce RTX 4090, 20150, 24564, 84, 73, 241.82, 45
2026/09/24 02:28:04.018, 0, GPU-740af22d-b5b8-c3d3-63ea-bc506de7f0f7, NVIDIA GeForce RTX 4090, 20150, 24564, 84, 73, 238.02, 45
2026/09/24 02:28:04.518, 0, GPU-740af22d-b5b8-c3d3-63ea-bc506de7f0f7, NVIDIA GeForce RTX 4090, 20150, 24564, 85, 75, 238.14, 45
2026/09/24 02:28:05.018, 0, GPU-740af22d-b5b8-c3d3-63ea-bc506de7f0f7, NVIDIA GeForce RTX 4090, 20150, 24564, 85, 75, 238.91, 45
2026/09/24 02:28:05.518, 0, GPU-740af22d-b5b8-c3d3-63ea-bc506de7f0f7, NVIDIA GeForce RTX 4090, 20150, 24564, 85, 74, 238.01, 45
2026/09/24 02:28:06.019, 0, GPU-740af22d-b5b8-c3d3-63ea-bc506de7f0f7, NVIDIA GeForce RTX 4090, 20150, 24564, 85, 74, 239.10, 46
2026/09/24 02:28:06.519, 0, GPU-740af22d-b5b8-c3d3-63ea-bc506de7f0f7, NVIDIA GeForce RTX 4090, 20150, 24564, 86, 81, 246.78, 46
2026/09/24 02:28:07.019, 0, GPU-740af22d-b5b8-c3d3-63ea-bc506de7f0f7, NVIDIA GeForce RTX 4090, 20150, 24564, 86, 81, 255.98, 46
2026/09/24 02:28:07.519, 0, GPU-740af22d-b5b8-c3d3-63ea-bc506de7f0f7, NVIDIA GeForce RTX 4090, 20150, 24564, 86, 81, 256.47, 46
2026/09/24 02:28:08.020, 0, GPU-740af22d-b5b8-c3d3-63ea-bc506de7f0f7, NVIDIA GeForce RTX 4090, 20150, 24564, 86, 81, 255.42, 46
2026/09/24 02:28:08.520, 0, GPU-740af22d-b5b8-c3d3-63ea-bc506de7f0f7, NVIDIA GeForce RTX 4090, 20150, 24564, 87, 70, 247.06, 45
2026/09/24 02:28:09.020, 0, GPU-740af22d-b5b8-c3d3-63ea-bc506de7f0f7, NVIDIA GeForce RTX 4090, 20150, 24564, 87, 70, 228.79, 45
2026/09/24 02:28:09.520, 0, GPU-740af22d-b5b8-c3d3-63ea-bc506de7f0f7, NVIDIA GeForce RTX 4090, 20150, 24564, 88, 71, 215.15, 45
2026/09/24 02:28:10.020, 0, GPU-740af22d-b5b8-c3d3-63ea-bc506de7f0f7, NVIDIA GeForce RTX 4090, 20150, 24564, 88, 71, 215.15, 45
2026/09/24 02:28:10.521, 0, GPU-740af22d-b5b8-c3d3-63ea-bc506de7f0f7, NVIDIA GeForce RTX 4090, 20150, 24564, 87, 71, 215.06, 45
2026/09/24 02:28:11.021, 0, GPU-740af22d-b5b8-c3d3-63ea-bc506de7f0f7, NVIDIA GeForce RTX 4090, 20150, 24564, 87, 71, 215.43, 45
2026/09/24 02:28:11.521, 0, GPU-740af22d-b5b8-c3d3-63ea-bc506de7f0f7, NVIDIA GeForce RTX 4090, 20150, 24564, 88, 72, 215.81, 45
2026/09/24 02:28:12.021, 0, GPU-740af22d-b5b8-c3d3-63ea-bc506de7f0f7, NVIDIA GeForce RTX 4090, 20150, 24564, 88, 72, 215.61, 45
2026/09/24 02:28:12.522, 0, GPU-740af22d-b5b8-c3d3-63ea-bc506de7f0f7, NVIDIA GeForce RTX 4090, 20150, 24564, 88, 71, 215.60, 45
2026/09/24 02:28:13.022, 0, GPU-740af22d-b5b8-c3d3-63ea-bc506de7f0f7, NVIDIA GeForce RTX 4090, 20150, 24564, 88, 71, 215.85, 45
2026/09/24 02:28:13.522, 0, GPU-740af22d-b5b8-c3d3-63ea-bc506de7f0f7, NVIDIA GeForce RTX 4090, 20150, 24564, 88, 71, 215.27, 45
2026/09/24 02:28:14.022, 0, GPU-740af22d-b5b8-c3d3-63ea-bc506de7f0f7, NVIDIA GeForce RTX 4090, 20150, 24564, 88, 71, 215.58, 45
2026/09/24 02:28:14.523, 0, GPU-740af22d-b5b8-c3d3-63ea-bc506de7f0f7, NVIDIA GeForce RTX 4090, 20150, 24564, 88, 71, 216.65, 45
2026/09/24 02:28:15.023, 0, GPU-740af22d-b5b8-c3d3-63ea-bc506de7f0f7, NVIDIA GeForce RTX 4090, 20150, 24564, 88, 71, 216.34, 45
2026/09/24 02:28:15.523, 0, GPU-740af22d-b5b8-c3d3-63ea-bc506de7f0f7, NVIDIA GeForce RTX 4090, 20150, 24564, 88, 71, 216.41, 45
2026/09/24 02:28:16.023, 0, GPU-740af22d-b5b8-c3d3-63ea-bc506de7f0f7, NVIDIA GeForce RTX 4090, 20150, 24564, 88, 71, 216.90, 45
2026/09/24 02:28:16.523, 0, GPU-740af22d-b5b8-c3d3-63ea-bc506de7f0f7, NVIDIA GeForce RTX 4090, 20150, 24564, 87, 71, 216.24, 45
2026/09/24 02:28:17.024, 0, GPU-740af22d-b5b8-c3d3-63ea-bc506de7f0f7, NVIDIA GeForce RTX 4090, 20150, 24564, 87, 71, 215.77, 45
2026/09/24 02:28:17.524, 0, GPU-740af22d-b5b8-c3d3-63ea-bc506de7f0f7, NVIDIA GeForce RTX 4090, 20150, 24564, 87, 70, 216.02, 45
2026/09/24 02:28:18.024, 0, GPU-740af22d-b5b8-c3d3-63ea-bc506de7f0f7, NVIDIA GeForce RTX 4090, 20150, 24564, 87, 70, 215.69, 45
2026/09/24 02:28:18.524, 0, GPU-740af22d-b5b8-c3d3-63ea-bc506de7f0f7, NVIDIA GeForce RTX 4090, 20150, 24564, 87, 71, 215.00, 45
2026/09/24 02:28:19.025, 0, GPU-740af22d-b5b8-c3d3-63ea-bc506de7f0f7, NVIDIA GeForce RTX 4090, 20150, 24564, 87, 71, 215.75, 45
2026/09/24 02:28:19.525, 0, GPU-740af22d-b5b8-c3d3-63ea-bc506de7f0f7, NVIDIA GeForce RTX 4090, 20150, 24564, 87, 71, 215.58, 45
2026/09/24 02:28:20.025, 0, GPU-740af22d-b5b8-c3d3-63ea-bc506de7f0f7, NVIDIA GeForce RTX 4090, 20150, 24564, 87, 71, 215.38, 45
2026/09/24 02:28:20.526, 0, GPU-740af22d-b5b8-c3d3-63ea-bc506de7f0f7, NVIDIA GeForce RTX 4090, 20150, 24564, 86, 81, 224.21, 47
2026/09/24 02:28:21.026, 0, GPU-740af22d-b5b8-c3d3-63ea-bc506de7f0f7, NVIDIA GeForce RTX 4090, 20150, 24564, 86, 81, 241.49, 47
2026/09/24 02:28:21.526, 0, GPU-740af22d-b5b8-c3d3-63ea-bc506de7f0f7, NVIDIA GeForce RTX 4090, 20150, 24564, 81, 76, 255.71, 47
2026/09/24 02:28:22.026, 0, GPU-740af22d-b5b8-c3d3-63ea-bc506de7f0f7, NVIDIA GeForce RTX 4090, 20150, 24564, 81, 76, 256.78, 47
2026/09/24 02:28:22.527, 0, GPU-740af22d-b5b8-c3d3-63ea-bc506de7f0f7, NVIDIA GeForce RTX 4090, 20150, 24564, 87, 82, 255.35, 47
2026/09/24 02:28:23.027, 0, GPU-740af22d-b5b8-c3d3-63ea-bc506de7f0f7, NVIDIA GeForce RTX 4090, 20150, 24564, 87, 82, 255.01, 47
2026/09/24 02:28:23.527, 0, GPU-740af22d-b5b8-c3d3-63ea-bc506de7f0f7, NVIDIA GeForce RTX 4090, 20150, 24564, 86, 81, 254.55, 47
2026/09/24 02:28:24.027, 0, GPU-740af22d-b5b8-c3d3-63ea-bc506de7f0f7, NVIDIA GeForce RTX 4090, 20150, 24564, 86, 81, 256.23, 47
2026/09/24 02:28:24.528, 0, GPU-740af22d-b5b8-c3d3-63ea-bc506de7f0f7, NVIDIA GeForce RTX 4090, 20150, 24564, 87, 82, 256.74, 48
2026/09/24 02:28:25.028, 0, GPU-740af22d-b5b8-c3d3-63ea-bc506de7f0f7, NVIDIA GeForce RTX 4090, 20150, 24564, 87, 82, 255.33, 48
2026/09/24 02:28:25.528, 0, GPU-740af22d-b5b8-c3d3-63ea-bc506de7f0f7, NVIDIA GeForce RTX 4090, 20150, 24564, 87, 81, 255.70, 48
2026/09/24 02:28:26.028, 0, GPU-740af22d-b5b8-c3d3-63ea-bc506de7f0f7, NVIDIA GeForce RTX 4090, 20150, 24564, 87, 81, 255.99, 48
2026/09/24 02:28:26.529, 0, GPU-740af22d-b5b8-c3d3-63ea-bc506de7f0f7, NVIDIA GeForce RTX 4090, 20150, 24564, 87, 81, 257.27, 47
2026/09/24 02:28:27.029, 0, GPU-740af22d-b5b8-c3d3-63ea-bc506de7f0f7, NVIDIA GeForce RTX 4090, 20150, 24564, 87, 81, 255.72, 48
2026/09/24 02:28:27.529, 0, GPU-740af22d-b5b8-c3d3-63ea-bc506de7f0f7, NVIDIA GeForce RTX 4090, 20150, 24564, 86, 81, 255.68, 48
2026/09/24 02:28:28.030, 0, GPU-740af22d-b5b8-c3d3-63ea-bc506de7f0f7, NVIDIA GeForce RTX 4090, 20150, 24564, 86, 81, 254.74, 48
2026/09/24 02:28:28.530, 0, GPU-740af22d-b5b8-c3d3-63ea-bc506de7f0f7, NVIDIA GeForce RTX 4090, 20150, 24564, 81, 75, 254.92, 48
2026/09/24 02:28:29.030, 0, GPU-740af22d-b5b8-c3d3-63ea-bc506de7f0f7, NVIDIA GeForce RTX 4090, 20150, 24564, 81, 75, 257.17, 48
2026/09/24 02:28:29.530, 0, GPU-740af22d-b5b8-c3d3-63ea-bc506de7f0f7, NVIDIA GeForce RTX 4090, 20150, 24564, 86, 80, 255.51, 48
2026/09/24 02:28:30.031, 0, GPU-740af22d-b5b8-c3d3-63ea-bc506de7f0f7, NVIDIA GeForce RTX 4090, 20150, 24564, 86, 80, 255.87, 48
2026/09/24 02:28:30.531, 0, GPU-740af22d-b5b8-c3d3-63ea-bc506de7f0f7, NVIDIA GeForce RTX 4090, 20150, 24564, 87, 81, 256.05, 48
2026/09/24 02:28:31.031, 0, GPU-740af22d-b5b8-c3d3-63ea-bc506de7f0f7, NVIDIA GeForce RTX 4090, 20150, 24564, 87, 81, 256.20, 48
2026/09/24 02:28:31.532, 0, GPU-740af22d-b5b8-c3d3-63ea-bc506de7f0f7, NVIDIA GeForce RTX 4090, 20150, 24564, 87, 82, 257.82, 48
2026/09/24 02:28:32.032, 0, GPU-740af22d-b5b8-c3d3-63ea-bc506de7f0f7, NVIDIA GeForce RTX 4090, 20150, 24564, 87, 82, 256.43, 48
2026/09/24 02:28:32.532, 0, GPU-740af22d-b5b8-c3d3-63ea-bc506de7f0f7, NVIDIA GeForce RTX 4090, 20150, 24564, 86, 81, 256.21, 48
2026/09/24 02:28:33.032, 0, GPU-740af22d-b5b8-c3d3-63ea-bc506de7f0f7, NVIDIA GeForce RTX 4090, 20150, 24564, 86, 81, 255.94, 48
2026/09/24 02:28:33.533, 0, GPU-740af22d-b5b8-c3d3-63ea-bc506de7f0f7, NVIDIA GeForce RTX 4090, 20150, 24564, 79, 73, 255.48, 48
2026/09/24 02:28:34.033, 0, GPU-740af22d-b5b8-c3d3-63ea-bc506de7f0f7, NVIDIA GeForce RTX 4090, 20150, 24564, 79, 73, 256.48, 48
2026/09/24 02:28:34.533, 0, GPU-740af22d-b5b8-c3d3-63ea-bc506de7f0f7, NVIDIA GeForce RTX 4090, 20150, 24564, 87, 81, 254.60, 48
2026/09/24 02:28:35.033, 0, GPU-740af22d-b5b8-c3d3-63ea-bc506de7f0f7, NVIDIA GeForce RTX 4090, 20150, 24564, 87, 81, 256.19, 48
2026/09/24 02:28:35.534, 0, GPU-740af22d-b5b8-c3d3-63ea-bc506de7f0f7, NVIDIA GeForce RTX 4090, 20150, 24564, 87, 81, 256.57, 48
2026/09/24 02:28:36.034, 0, GPU-740af22d-b5b8-c3d3-63ea-bc506de7f0f7, NVIDIA GeForce RTX 4090, 20150, 24564, 87, 81, 255.78, 48
2026/09/24 02:28:36.534, 0, GPU-740af22d-b5b8-c3d3-63ea-bc506de7f0f7, NVIDIA GeForce RTX 4090, 20150, 24564, 86, 81, 256.91, 49
2026/09/24 02:28:37.034, 0, GPU-740af22d-b5b8-c3d3-63ea-bc506de7f0f7, NVIDIA GeForce RTX 4090, 20150, 24564, 86, 81, 256.67, 49
2026/09/24 02:28:37.535, 0, GPU-740af22d-b5b8-c3d3-63ea-bc506de7f0f7, NVIDIA GeForce RTX 4090, 20150, 24564, 87, 81, 256.38, 49
2026/09/24 02:28:38.035, 0, GPU-740af22d-b5b8-c3d3-63ea-bc506de7f0f7, NVIDIA GeForce RTX 4090, 20150, 24564, 87, 81, 256.55, 49
2026/09/24 02:28:38.535, 0, GPU-740af22d-b5b8-c3d3-63ea-bc506de7f0f7, NVIDIA GeForce RTX 4090, 20150, 24564, 87, 82, 257.71, 48
2026/09/24 02:28:39.036, 0, GPU-740af22d-b5b8-c3d3-63ea-bc506de7f0f7, NVIDIA GeForce RTX 4090, 20150, 24564, 87, 82, 257.26, 49
2026/09/24 02:28:39.536, 0, GPU-740af22d-b5b8-c3d3-63ea-bc506de7f0f7, NVIDIA GeForce RTX 4090, 20150, 24564, 87, 82, 255.54, 49
2026/09/24 02:28:40.036, 0, GPU-740af22d-b5b8-c3d3-63ea-bc506de7f0f7, NVIDIA GeForce RTX 4090, 20150, 24564, 87, 82, 256.65, 49
2026/09/24 02:28:40.536, 0, GPU-740af22d-b5b8-c3d3-63ea-bc506de7f0f7, NVIDIA GeForce RTX 4090, 20150, 24564, 84, 79, 257.62, 49
2026/09/24 02:28:41.036, 0, GPU-740af22d-b5b8-c3d3-63ea-bc506de7f0f7, NVIDIA GeForce RTX 4090, 20150, 24564, 84, 79, 258.86, 48
2026/09/24 02:28:41.537, 0, GPU-740af22d-b5b8-c3d3-63ea-bc506de7f0f7, NVIDIA GeForce RTX 4090, 20150, 24564, 87, 82, 257.61, 49
2026/09/24 02:28:42.037, 0, GPU-740af22d-b5b8-c3d3-63ea-bc506de7f0f7, NVIDIA GeForce RTX 4090, 20150, 24564, 87, 82, 257.25, 49
2026/09/24 02:28:42.537, 0, GPU-740af22d-b5b8-c3d3-63ea-bc506de7f0f7, NVIDIA GeForce RTX 4090, 20150, 24564, 88, 82, 256.85, 49
2026/09/24 02:28:43.037, 0, GPU-740af22d-b5b8-c3d3-63ea-bc506de7f0f7, NVIDIA GeForce RTX 4090, 20150, 24564, 88, 82, 257.62, 49
2026/09/24 02:28:43.538, 0, GPU-740af22d-b5b8-c3d3-63ea-bc506de7f0f7, NVIDIA GeForce RTX 4090, 20150, 24564, 87, 82, 259.05, 48
2026/09/24 02:28:44.038, 0, GPU-740af22d-b5b8-c3d3-63ea-bc506de7f0f7, NVIDIA GeForce RTX 4090, 20150, 24564, 87, 82, 257.18, 49
2026/09/24 02:28:44.538, 0, GPU-740af22d-b5b8-c3d3-63ea-bc506de7f0f7, NVIDIA GeForce RTX 4090, 20150, 24564, 87, 81, 256.46, 49
2026/09/24 02:28:45.038, 0, GPU-740af22d-b5b8-c3d3-63ea-bc506de7f0f7, NVIDIA GeForce RTX 4090, 20150, 24564, 87, 81, 255.29, 49
2026/09/24 02:28:45.539, 0, GPU-740af22d-b5b8-c3d3-63ea-bc506de7f0f7, NVIDIA GeForce RTX 4090, 20150, 24564, 77, 72, 254.41, 49
2026/09/24 02:28:46.039, 0, GPU-740af22d-b5b8-c3d3-63ea-bc506de7f0f7, NVIDIA GeForce RTX 4090, 20150, 24564, 77, 72, 256.42, 49
2026/09/24 02:28:46.539, 0, GPU-740af22d-b5b8-c3d3-63ea-bc506de7f0f7, NVIDIA GeForce RTX 4090, 20150, 24564, 86, 81, 252.83, 49
2026/09/24 02:28:47.039, 0, GPU-740af22d-b5b8-c3d3-63ea-bc506de7f0f7, NVIDIA GeForce RTX 4090, 20150, 24564, 86, 81, 253.26, 49
2026/09/24 02:28:47.539, 0, GPU-740af22d-b5b8-c3d3-63ea-bc506de7f0f7, NVIDIA GeForce RTX 4090, 20150, 24564, 86, 81, 255.97, 49
2026/09/24 02:28:48.040, 0, GPU-740af22d-b5b8-c3d3-63ea-bc506de7f0f7, NVIDIA GeForce RTX 4090, 20150, 24564, 86, 81, 256.72, 49
2026/09/24 02:28:48.540, 0, GPU-740af22d-b5b8-c3d3-63ea-bc506de7f0f7, NVIDIA GeForce RTX 4090, 20150, 24564, 87, 81, 258.36, 49
2026/09/24 02:28:49.040, 0, GPU-740af22d-b5b8-c3d3-63ea-bc506de7f0f7, NVIDIA GeForce RTX 4090, 20150, 24564, 87, 81, 257.21, 49
2026/09/24 02:28:49.541, 0, GPU-740af22d-b5b8-c3d3-63ea-bc506de7f0f7, NVIDIA GeForce RTX 4090, 20150, 24564, 87, 82, 256.79, 49
2026/09/24 02:28:50.041, 0, GPU-740af22d-b5b8-c3d3-63ea-bc506de7f0f7, NVIDIA GeForce RTX 4090, 20150, 24564, 87, 82, 256.38, 50
2026/09/24 02:28:50.541, 0, GPU-740af22d-b5b8-c3d3-63ea-bc506de7f0f7, NVIDIA GeForce RTX 4090, 20150, 24564, 81, 76, 256.92, 49
2026/09/24 02:28:51.041, 0, GPU-740af22d-b5b8-c3d3-63ea-bc506de7f0f7, NVIDIA GeForce RTX 4090, 20150, 24564, 81, 76, 258.69, 50
2026/09/24 02:28:51.542, 0, GPU-740af22d-b5b8-c3d3-63ea-bc506de7f0f7, NVIDIA GeForce RTX 4090, 20150, 24564, 87, 81, 257.23, 50
2026/09/24 02:28:52.042, 0, GPU-740af22d-b5b8-c3d3-63ea-bc506de7f0f7, NVIDIA GeForce RTX 4090, 20150, 24564, 87, 81, 257.16, 50
2026/09/24 02:28:52.542, 0, GPU-740af22d-b5b8-c3d3-63ea-bc506de7f0f7, NVIDIA GeForce RTX 4090, 20150, 24564, 87, 81, 256.68, 50
2026/09/24 02:28:53.042, 0, GPU-740af22d-b5b8-c3d3-63ea-bc506de7f0f7, NVIDIA GeForce RTX 4090, 20150, 24564, 87, 81, 256.54, 50
2026/09/24 02:28:53.543, 0, GPU-740af22d-b5b8-c3d3-63ea-bc506de7f0f7, NVIDIA GeForce RTX 4090, 20150, 24564, 87, 82, 258.00, 50
2026/09/24 02:28:54.043, 0, GPU-740af22d-b5b8-c3d3-63ea-bc506de7f0f7, NVIDIA GeForce RTX 4090, 20150, 24564, 87, 82, 256.89, 50
2026/09/24 02:28:54.543, 0, GPU-740af22d-b5b8-c3d3-63ea-bc506de7f0f7, NVIDIA GeForce RTX 4090, 20150, 24564, 87, 81, 256.68, 50
2026/09/24 02:28:55.043, 0, GPU-740af22d-b5b8-c3d3-63ea-bc506de7f0f7, NVIDIA GeForce RTX 4090, 20150, 24564, 87, 81, 256.73, 50
2026/09/24 02:28:55.544, 0, GPU-740af22d-b5b8-c3d3-63ea-bc506de7f0f7, NVIDIA GeForce RTX 4090, 20150, 24564, 84, 79, 258.36, 50
2026/09/24 02:28:56.044, 0, GPU-740af22d-b5b8-c3d3-63ea-bc506de7f0f7, NVIDIA GeForce RTX 4090, 20150, 24564, 84, 79, 256.87, 50
2026/09/24 02:28:56.544, 0, GPU-740af22d-b5b8-c3d3-63ea-bc506de7f0f7, NVIDIA GeForce RTX 4090, 20150, 24564, 87, 82, 255.83, 50
2026/09/24 02:28:57.044, 0, GPU-740af22d-b5b8-c3d3-63ea-bc506de7f0f7, NVIDIA GeForce RTX 4090, 20150, 24564, 87, 82, 257.00, 50
2026/09/24 02:28:57.545, 0, GPU-740af22d-b5b8-c3d3-63ea-bc506de7f0f7, NVIDIA GeForce RTX 4090, 20150, 24564, 86, 80, 257.04, 50
2026/09/24 02:28:58.045, 0, GPU-740af22d-b5b8-c3d3-63ea-bc506de7f0f7, NVIDIA GeForce RTX 4090, 20150, 24564, 86, 80, 258.73, 50
2026/09/24 02:28:58.545, 0, GPU-740af22d-b5b8-c3d3-63ea-bc506de7f0f7, NVIDIA GeForce RTX 4090, 20150, 24564, 87, 82, 258.04, 50
2026/09/24 02:28:59.045, 0, GPU-740af22d-b5b8-c3d3-63ea-bc506de7f0f7, NVIDIA GeForce RTX 4090, 20150, 24564, 87, 82, 257.77, 50
2026/09/24 02:28:59.546, 0, GPU-740af22d-b5b8-c3d3-63ea-bc506de7f0f7, NVIDIA GeForce RTX 4090, 20150, 24564, 87, 81, 257.42, 50
2026/09/24 02:29:00.046, 0, GPU-740af22d-b5b8-c3d3-63ea-bc506de7f0f7, NVIDIA GeForce RTX 4090, 20150, 24564, 87, 81, 257.38, 50
2026/09/24 02:29:00.546, 0, GPU-740af22d-b5b8-c3d3-63ea-bc506de7f0f7, NVIDIA GeForce RTX 4090, 20150, 24564, 87, 82, 258.80, 49
2026/09/24 02:29:01.046, 0, GPU-740af22d-b5b8-c3d3-63ea-bc506de7f0f7, NVIDIA GeForce RTX 4090, 20150, 24564, 87, 82, 257.56, 50
2026/09/24 02:29:01.547, 0, GPU-740af22d-b5b8-c3d3-63ea-bc506de7f0f7, NVIDIA GeForce RTX 4090, 20150, 24564, 87, 81, 256.35, 50
2026/09/24 02:29:02.047, 0, GPU-740af22d-b5b8-c3d3-63ea-bc506de7f0f7, NVIDIA GeForce RTX 4090, 20150, 24564, 87, 81, 255.52, 50
2026/09/24 02:29:02.547, 0, GPU-740af22d-b5b8-c3d3-63ea-bc506de7f0f7, NVIDIA GeForce RTX 4090, 20150, 24564, 81, 75, 256.12, 50
2026/09/24 02:29:03.047, 0, GPU-740af22d-b5b8-c3d3-63ea-bc506de7f0f7, NVIDIA GeForce RTX 4090, 1, 24564, 81, 75, 257.83, 50
